provID,GRADE,SEX,GETHNCC1,OMARKSA1,DVTY1ST,DVSELF,BMI
59,6,2,1,2,3,12,99
59,6,2,1,1,3,11,99
59,6,1,1,2,3,8,99
59,6,2,1,2,3,8,99
59,6,1,1,1,3,11,15.4
59,6,2,1,2,3,9,99
59,6,1,1,99,3,9,99
59,6,1,1,2,3,10,99
59,6,1,1,2,3,7,20.55
59,6,1,1,2,3,8,99
59,6,1,1,2,3,11,38.8
59,6,2,1,2,3,9,99
24,6,2,1,1,3,8,99
24,6,1,1,1,3,9,15.82
24,6,1,1,2,3,11,99
24,6,1,1,3,3,8,99
24,6,2,1,2,3,12,99
24,6,2,1,2,3,9,99
24,6,1,1,1,3,8,22.38
24,6,1,1,1,3,9,21.48
24,6,2,1,99,3,8,99
24,6,1,1,1,3,12,18.92
24,6,2,1,2,3,11,99
24,6,2,1,2,3,12,99
24,6,1,1,2,3,12,16.92
24,6,2,1,3,3,10,99
24,6,2,1,2,3,11,99
24,6,2,1,2,3,9,14.65
24,6,1,1,1,3,4,99
24,6,2,1,3,3,12,99
24,6,2,1,1,3,5,99
24,6,1,1,2,3,10,99
24,6,1,1,1,3,11,16.44
24,6,1,1,1,3,11,15.87
24,6,1,1,1,3,12,99
24,6,2,1,1,3,12,99
24,6,1,1,2,3,10,99
24,6,1,1,2,3,9,99
24,6,1,1,2,3,6,99
24,6,1,1,2,3,11,99
24,6,1,1,1,3,11,99
24,6,1,1,2,3,11,99
24,6,1,1,2,3,11,99
24,6,2,1,2,3,8,99
24,6,2,1,3,3,5,99
24,6,2,1,2,3,11,10.48
24,6,2,1,2,3,9,99
24,6,1,1,2,3,9,21.71
24,6,1,1,2,3,4,17.94
24,6,2,1,3,3,11,99
24,6,2,1,2,3,8,99
24,6,1,1,2,3,7,99
24,6,1,1,2,3,9,19.89
24,6,1,1,3,3,9,20.33
24,6,2,1,2,3,11,99
24,6,2,1,3,3,10,12.5
24,6,2,1,3,3,8,99
24,6,2,1,99,3,3,99
24,6,1,1,2,3,5,99
24,6,1,1,3,3,8,99
24,6,1,1,99,3,9,14.48
24,6,1,1,99,3,10,99
24,6,1,1,3,3,11,99
24,6,1,1,2,3,6,99
24,6,1,1,2,3,10,99
24,6,1,1,2,3,11,12.69
24,6,1,1,2,3,11,17.95
24,6,1,1,2,3,12,21.68
24,6,1,1,3,3,8,99
24,6,1,1,2,3,7,99
24,6,1,1,3,3,10,99
24,6,1,1,2,3,10,99
24,6,1,1,2,3,10,99
59,7,1,1,2,3,4,24.89
59,7,2,1,2,3,8,10.44
59,8,1,1,2,3,4,99
59,8,1,1,2,3,7,19.74
59,7,1,1,1,3,8,99
59,7,2,1,2,3,11,16.83
59,7,1,1,3,3,10,99
59,8,1,1,1,3,11,22.14
59,8,1,1,2,3,11,20.12
35,8,2,1,2,3,11,99
48,7,1,1,1,3,11,13.67
48,7,2,1,2,3,11,15.79
48,7,1,1,1,3,11,20.9
48,8,2,1,2,3,11,17.23
24,8,1,1,3,3,11,15.24
24,7,1,1,2,3,10,99
24,7,1,1,1,3,6,99
24,7,2,1,1,1,12,99
24,7,1,1,2,3,9,18.6
24,7,2,1,2,3,4,16.99
24,7,2,1,2,3,11,99
24,7,2,1,2,3,10,99
24,7,2,1,3,3,11,99
24,8,2,1,2,3,9,19.41
24,8,1,1,1,3,5,16.03
24,7,1,1,1,3,9,14.35
24,7,1,1,2,3,10,16.44
24,7,1,1,2,3,8,99
24,8,1,1,2,3,7,99
24,8,1,1,2,3,4,99
24,8,1,1,2,3,6,99
24,8,1,1,2,3,10,17.01
24,7,1,1,2,3,8,16.22
24,7,2,1,1,3,9,18.12
24,7,1,1,2,3,6,18.42
24,7,2,1,1,3,5,21.66
24,7,2,1,2,3,9,14.95
24,7,2,1,2,3,8,17.57
24,7,1,1,2,3,10,99
24,7,2,1,2,3,9,25.1
24,8,2,1,3,3,2,25.1
24,8,1,1,2,3,10,99
24,8,1,1,2,3,8,17.2
24,8,2,1,2,3,6,23.31
24,8,1,1,1,3,9,19.96
24,8,1,1,2,3,6,99
24,8,1,1,2,3,11,99
24,8,1,1,1,3,10,99
24,8,1,1,1,3,10,22.3
24,8,2,1,1,3,11,16.71
24,8,1,1,1,3,8,99
24,8,2,1,1,3,9,18.15
24,8,1,1,1,3,10,18.49
24,7,1,1,2,3,5,99
24,7,2,1,1,3,8,99
24,8,1,1,2,3,8,16.6
24,8,1,1,3,3,10,16.64
24,7,2,1,5,1,8,20.8
24,8,2,1,1,3,9,99
24,8,2,1,1,3,9,17.77
24,7,1,1,2,3,8,18.42
24,7,2,1,2,3,11,99
24,7,1,1,2,3,9,99
24,7,1,1,2,3,9,99
24,7,2,1,2,3,9,19.97
24,8,1,1,3,3,6,18.52
24,7,1,1,3,3,6,22.86
24,8,1,1,2,3,9,99
24,8,2,1,2,3,5,19.77
24,7,1,1,2,3,10,99
35,7,2,1,2,3,10,99
35,6,1,1,1,3,11,18.67
59,6,1,1,2,3,6,13.69
59,6,2,1,2,3,10,99
59,7,1,1,1,3,7,19.19
59,7,1,1,2,3,8,18.18
35,6,1,1,2,3,10,99
35,6,1,1,3,3,9,99
35,6,2,1,1,3,12,17.63
35,6,1,1,2,3,12,99
35,6,1,1,2,3,9,17.95
35,6,1,1,2,3,4,13.72
35,6,2,1,3,3,9,99
35,6,2,1,3,3,9,15.8
35,6,1,1,99,3,10,99
35,6,2,1,2,3,6,99
59,6,1,1,3,3,11,99
59,7,1,1,2,3,12,14.71
59,7,2,1,1,3,9,99
59,6,1,1,2,3,11,99
59,6,2,1,3,3,9,99
59,7,2,1,1,3,12,99
59,6,1,1,2,3,11,16.27
59,7,1,1,2,3,11,99
59,7,1,1,2,3,10,99
59,7,1,1,2,3,11,99
59,6,2,1,99,3,10,99
59,6,1,1,2,3,10,14.1
59,6,1,1,2,3,9,13.04
59,6,1,1,3,3,9,26.26
59,7,2,1,2,3,8,99
59,7,2,1,2,3,8,99
59,7,1,1,2,3,5,99
59,7,2,1,2,3,11,99
59,6,2,1,3,3,9,22.18
59,7,1,1,3,3,7,99
59,6,1,1,1,3,10,11.72
59,7,2,1,2,3,9,99
59,6,2,1,2,3,7,99
59,6,2,1,2,3,9,99
59,7,2,1,2,3,11,99
59,7,2,1,3,3,11,99
59,7,2,1,2,3,10,99
59,7,1,1,2,3,9,15.87
59,7,1,1,1,3,10,99
59,6,2,1,3,3,11,99
59,6,2,1,1,3,9,99
59,6,1,1,2,3,11,99
59,6,2,1,4,3,8,99
59,6,2,1,1,3,10,99
59,7,1,1,1,3,9,99
59,7,1,1,1,3,11,99
59,6,1,1,3,3,8,99
59,7,1,1,1,3,7,16.72
59,7,1,1,99,3,12,20.57
59,6,1,1,3,3,9,99
59,7,2,1,2,3,10,99
59,6,2,1,3,3,9,99
59,7,2,1,3,3,11,99
59,7,1,1,2,3,11,15.8
59,6,2,1,2,3,10,99
59,7,2,1,2,3,12,99
59,6,2,1,3,3,10,20.96
59,7,2,1,3,3,9,20.5
59,7,2,1,2,3,12,99
59,7,2,1,3,3,12,17.86
59,6,2,1,2,3,11,17.74
59,7,2,1,3,3,8,17.89
59,7,2,1,2,3,10,16.35
59,6,1,1,2,3,12,99
59,7,1,1,1,3,12,14.27
59,7,2,1,1,3,12,19.74
59,7,2,1,3,3,11,99
59,6,1,1,2,3,9,13.79
59,6,2,1,3,3,11,15.75
59,7,1,1,2,3,10,15.62
59,7,1,1,1,3,12,17.95
59,7,1,1,1,3,11,16.77
59,7,2,1,2,3,10,16.45
59,7,2,1,2,3,7,16.44
59,6,1,1,3,3,10,99
59,6,2,1,3,3,3,99
59,6,1,1,1,3,11,99
59,7,2,1,2,3,11,13.99
59,7,1,1,3,3,10,99
59,7,1,1,3,3,7,99
59,7,1,1,3,3,7,99
59,6,1,1,1,3,6,17.95
59,6,2,1,2,3,10,99
59,7,1,1,1,3,10,99
59,7,1,1,1,3,9,14.84
59,7,1,1,2,3,11,99
59,7,2,1,2,3,11,99
59,7,1,1,3,3,7,99
59,7,2,1,3,3,5,99
59,6,1,1,2,3,8,24.19
59,7,1,1,4,3,6,99
59,6,2,1,2,3,11,15.11
59,7,1,1,2,3,10,20.78
59,6,1,1,2,3,8,99
59,7,1,1,99,3,3,99
59,7,2,1,1,3,11,16.39
59,6,1,1,3,3,7,17.6
59,6,1,1,2,3,9,17.53
59,6,1,1,1,3,12,17.58
59,6,2,1,2,3,11,99
59,6,2,1,1,3,8,99
59,6,1,1,2,3,12,22.5
59,6,2,1,1,3,12,18.55
59,6,2,1,3,3,3,99
59,6,1,1,2,3,99,99
59,6,2,1,2,3,10,17.31
59,6,2,1,2,3,12,99
59,6,1,1,1,3,9,99
59,6,1,1,1,3,10,99
59,6,1,1,3,3,11,99
59,6,1,1,2,3,7,15.62
59,7,1,1,1,3,12,17.92
59,7,1,1,2,3,9,99
59,7,1,1,1,3,11,17.38
59,6,1,1,1,3,12,18.78
59,7,2,1,2,3,10,22.72
59,6,2,1,1,3,9,14.63
59,7,2,1,1,3,7,18.29
59,7,2,1,2,3,10,16.21
59,7,1,1,4,3,6,99
59,7,2,1,2,3,11,16.16
59,7,2,1,2,3,10,18.29
59,7,1,1,2,3,7,17.44
59,7,1,1,1,3,7,17.38
59,6,2,1,2,3,11,24.04
59,6,1,1,3,3,6,99
59,6,2,1,3,3,10,99
59,6,1,1,2,3,9,20.74
59,6,2,1,2,3,4,99
59,7,1,1,3,3,10,17.56
59,6,2,1,1,3,8,99
59,7,2,1,2,3,10,99
59,7,1,1,2,3,8,99
59,6,1,1,1,3,11,99
59,7,2,1,3,3,11,99
35,6,2,1,2,3,12,15.1
35,6,1,1,2,3,8,99
35,6,2,1,1,3,10,99
35,6,2,1,2,3,11,99
35,6,1,1,1,3,8,99
35,6,1,1,2,3,8,16.05
35,6,2,1,1,3,10,17.14
35,6,1,1,2,3,11,99
35,6,2,1,2,3,10,16.48
35,6,2,1,1,3,8,17.97
35,6,1,1,2,3,6,99
35,6,2,1,3,3,8,99
35,6,1,1,1,3,10,99
35,6,2,1,3,3,11,99
35,6,2,1,4,3,9,13.19
35,6,1,1,2,3,8,99
35,6,1,1,1,3,11,99
35,6,1,1,2,3,11,99
35,6,1,1,3,3,9,99
35,6,1,1,2,3,10,99
35,6,1,1,2,3,6,14.65
35,6,1,1,2,3,9,99
35,6,1,1,2,3,11,17.36
35,6,2,1,2,3,9,99
35,6,1,1,2,3,5,99
35,6,2,1,2,3,11,17.95
35,6,1,1,2,3,12,15.8
35,6,1,1,2,3,8,18.66
35,6,2,1,2,3,10,99
35,6,1,1,2,3,12,99
35,6,2,1,2,3,9,13.89
35,6,2,1,1,3,11,99
35,6,2,1,4,3,6,99
35,6,1,1,1,3,10,15.97
35,6,2,1,1,3,9,19.2
35,6,1,1,2,3,11,19.4
35,6,1,1,2,3,9,99
35,6,1,1,2,3,10,99
35,6,2,1,2,3,7,99
35,6,2,1,3,3,8,11.35
35,6,1,1,2,3,11,15.84
35,6,2,1,2,3,9,16.52
35,6,1,1,2,3,10,99
35,6,2,1,2,3,8,99
35,6,2,1,2,3,8,99
35,6,1,1,2,3,10,99
35,6,1,1,1,3,10,12.62
35,6,2,1,2,3,9,99
35,6,1,1,2,3,9,99
35,6,1,1,2,3,7,17.38
35,6,2,1,2,3,8,99
35,6,2,1,2,3,9,18.67
35,6,1,1,2,3,10,18.75
35,6,2,1,2,3,10,99
35,6,1,1,2,3,11,23.8
35,7,2,1,2,3,11,18.25
35,6,1,1,2,3,5,99
35,6,2,1,1,3,12,99
35,6,1,1,3,3,3,28.34
35,6,2,1,2,3,12,99
35,6,1,1,1,3,12,17.71
35,6,2,1,2,3,9,99
35,6,1,1,2,3,11,99
35,6,1,1,2,3,10,99
35,6,2,1,2,3,8,18.17
35,6,1,1,2,3,11,99
35,6,1,1,2,3,12,25.03
35,6,1,1,1,3,9,99
35,6,2,1,2,3,11,99
12,6,2,1,2,3,6,10.43
35,6,2,1,5,3,9,99
35,6,2,1,2,3,4,99
35,6,1,1,2,3,9,16.63
35,6,1,1,2,3,10,99
35,6,2,1,4,3,12,99
35,6,2,1,2,3,9,99
35,6,1,1,2,3,9,99
35,6,2,1,3,3,3,99
35,6,2,1,2,3,11,99
35,6,1,1,2,3,9,20.16
35,6,1,1,3,3,9,99
35,6,2,1,3,3,3,99
35,6,2,1,2,3,11,99
35,6,2,1,2,3,10,17.6
35,6,2,1,4,3,9,99
35,6,1,1,4,3,11,99
35,8,1,1,2,3,9,99
35,7,1,1,2,3,10,99
48,6,1,1,1,3,9,99
48,6,1,1,2,3,8,99
48,6,2,1,1,3,11,99
48,6,2,1,1,3,8,99
48,6,2,1,3,3,4,99
12,6,1,1,1,3,12,14.69
12,6,1,1,2,3,9,15.3
59,6,1,1,1,3,9,99
59,6,1,1,2,3,10,99
59,7,2,1,2,3,11,18.61
59,7,2,1,4,3,8,99
59,6,2,1,3,3,9,99
59,6,2,1,2,3,12,15.47
59,7,2,1,2,3,11,14.36
59,6,1,1,2,3,11,16.16
59,7,2,1,1,3,9,13.95
59,6,1,1,2,3,11,15.62
59,7,2,1,1,3,6,17.92
59,6,1,1,2,3,12,99
59,7,1,1,3,3,6,99
59,7,2,1,3,3,6,99
59,7,2,1,2,3,9,99
59,6,2,1,3,3,11,99
59,6,2,1,2,3,7,16.95
59,7,2,1,1,3,12,99
59,7,1,1,1,3,12,16.14
59,6,1,1,1,3,12,18.02
59,7,2,1,2,3,9,13.96
59,6,1,1,2,3,11,23.44
59,6,1,1,1,3,11,99
59,6,1,1,1,3,11,19.06
59,6,1,1,99,3,9,99
59,6,2,1,2,3,12,99
59,6,1,1,1,3,11,99
59,6,1,1,2,3,10,16.63
59,6,2,1,1,3,8,12.76
59,6,1,1,3,3,7,99
59,6,2,1,2,3,11,99
59,8,1,1,2,3,10,15.33
59,7,2,1,1,3,7,15.32
59,7,2,1,3,3,8,24.33
59,7,1,1,3,3,11,99
59,7,1,1,2,3,11,21.79
59,6,2,1,2,3,11,21.27
59,6,2,1,3,3,5,99
59,6,1,1,2,3,12,99
59,7,2,1,3,3,9,99
59,7,2,1,3,3,6,17.31
59,7,2,1,3,3,7,99
59,7,1,1,3,3,8,19.2
59,6,1,1,2,3,11,99
59,7,2,1,3,3,8,99
59,7,1,1,2,3,10,17.57
59,6,2,1,2,3,10,99
59,8,1,1,1,3,8,20.99
59,8,1,1,1,3,12,17.57
59,8,1,1,3,3,5,27.63
59,8,2,1,3,3,12,22.31
59,8,2,1,2,3,9,19.49
59,7,1,1,2,3,12,99
59,7,1,1,2,3,11,18.35
59,7,2,1,1,3,10,15.06
59,7,1,1,3,3,6,99
59,7,1,1,3,3,10,99
59,7,2,1,2,3,9,36.73
59,6,2,1,1,3,12,23.8
59,6,1,1,1,3,6,20.18
59,6,1,1,2,3,11,19.84
59,6,1,1,2,3,9,99
59,6,2,1,2,3,3,99
59,6,2,1,3,3,11,14.87
59,6,1,1,2,3,11,99
59,6,1,1,1,3,8,99
59,6,1,1,3,3,9,99
59,6,1,1,1,3,10,17.77
47,6,2,1,1,3,11,19.73
47,6,2,1,2,3,11,99
47,6,1,1,1,3,8,99
47,6,2,1,1,3,9,99
47,6,1,1,2,3,8,99
47,6,2,1,1,3,12,99
47,6,2,1,1,3,12,15.23
47,6,2,1,1,3,9,99
47,6,2,1,2,3,8,99
47,6,1,1,3,3,8,99
47,6,1,1,2,3,7,27.34
47,6,1,1,1,3,11,99
47,6,1,1,2,3,11,99
47,6,2,1,2,3,11,99
47,6,1,1,1,3,12,99
47,6,1,1,1,3,10,25.5
48,6,2,1,1,3,12,25.53
48,6,2,1,2,3,6,25.68
48,6,2,1,3,3,11,99
48,6,2,1,1,3,11,99
48,6,1,1,2,3,7,99
48,6,2,1,1,3,12,99
46,6,2,1,1,3,11,17.14
46,6,2,1,3,3,3,17.39
46,6,1,1,1,3,12,15.01
46,6,1,1,1,3,11,13.1
46,6,1,1,1,3,9,16.43
46,6,2,1,1,3,12,99
46,6,1,1,1,3,12,99
46,6,2,1,1,3,9,99
46,6,1,1,1,3,11,16.83
46,6,1,1,1,3,10,99
46,6,1,1,99,3,12,99
46,6,2,1,1,3,11,99
46,6,2,1,1,3,11,18.88
24,8,2,1,2,3,9,18.11
24,6,2,1,3,3,2,99
24,6,2,1,2,3,8,99
47,6,1,1,1,3,11,19.19
47,6,2,1,2,3,9,99
47,6,1,1,2,3,10,99
47,6,2,1,1,3,8,11.34
47,6,2,1,3,3,9,19.88
47,6,1,1,1,3,10,19.05
47,6,1,1,3,3,9,99
47,6,1,1,1,3,11,99
47,6,2,1,2,3,12,99
47,6,2,1,2,3,11,99
47,6,2,1,1,3,11,99
47,6,1,1,1,3,8,99
47,6,1,1,2,3,11,13.23
47,6,2,1,1,3,11,99
47,6,1,1,1,3,11,14.14
47,6,1,1,1,3,12,99
48,6,2,1,1,3,11,99
48,6,1,1,3,3,4,99
48,6,2,1,1,3,11,99
48,6,1,1,5,3,3,99
48,6,2,1,2,3,11,16.81
48,6,1,1,2,3,11,99
48,6,2,1,1,3,4,99
48,6,1,1,1,3,9,23.14
48,6,1,1,2,3,3,99
48,6,2,1,2,3,10,99
48,6,2,1,2,3,10,15.55
48,6,2,1,2,3,11,17.71
48,6,1,1,2,3,11,99
48,6,1,1,2,3,12,99
48,6,1,1,1,3,11,19.33
48,6,1,1,1,3,8,99
48,6,2,1,2,3,12,99
11,6,1,1,2,3,8,99
11,6,1,1,2,3,12,99
11,6,1,1,3,3,9,99
11,6,2,1,2,3,10,99
11,6,2,1,2,3,8,99
46,6,1,1,99,3,12,20.41
46,6,1,1,2,3,8,21.46
46,6,1,1,1,3,9,99
46,6,2,1,1,3,9,19.05
46,6,1,1,2,3,8,99
46,6,2,1,1,3,11,99
46,6,1,1,1,3,12,99
46,6,2,1,2,3,10,17.98
46,6,1,1,1,3,11,17.51
46,6,2,1,2,3,8,99
46,6,2,1,99,3,3,99
46,6,2,1,2,3,12,99
46,6,2,1,1,3,9,99
59,7,1,1,2,3,8,17.91
59,7,1,1,2,3,9,99
59,6,2,1,2,3,9,13.95
59,8,1,1,3,3,7,99
59,8,2,1,3,3,10,19.03
59,8,2,1,2,3,10,19.74
59,8,1,1,2,3,7,99
59,8,1,1,1,3,7,99
59,6,1,1,2,3,9,99
59,6,1,1,4,3,10,99
59,6,1,1,2,3,10,14.5
59,6,2,1,3,3,10,19.39
59,6,2,1,3,3,6,99
59,6,2,1,1,3,10,99
59,6,2,1,2,3,10,99
59,6,2,1,3,3,10,99
59,6,2,1,2,3,9,14.57
59,6,1,1,1,3,9,99
59,6,1,1,2,3,12,99
59,6,2,1,4,3,7,99
59,7,2,1,1,3,10,17.3
59,7,2,1,1,3,7,99
59,7,2,1,2,3,10,99
59,7,2,1,99,3,11,99
59,7,2,1,2,3,11,99
59,7,1,1,1,3,11,99
59,7,1,1,4,3,10,99
59,7,1,1,1,3,7,15.62
59,7,2,1,3,3,11,99
59,7,2,1,2,3,12,99
59,7,2,1,2,3,9,99
59,7,1,1,2,3,9,21.72
59,8,1,1,1,3,6,18.3
59,8,1,1,2,3,12,18.58
59,8,1,1,99,3,4,99
59,8,1,1,2,3,8,20.8
59,8,1,1,1,3,9,17.68
59,8,1,1,1,1,8,22.76
59,8,1,1,2,3,10,99
59,8,1,1,2,3,9,18.25
59,8,2,1,1,3,11,18.89
59,8,2,1,2,3,10,19.2
59,8,2,1,2,3,11,99
59,8,1,1,3,3,12,99
59,8,1,1,2,3,8,99
59,8,2,1,3,3,7,17.36
59,8,2,1,3,3,8,99
59,7,2,1,2,3,9,99
59,7,1,1,3,3,8,99
59,7,1,1,2,3,8,18.8
59,8,2,1,3,3,10,99
59,8,1,1,2,3,4,99
59,8,1,1,3,3,11,99
59,8,2,1,2,3,8,16.24
59,8,1,1,2,3,4,99
59,8,1,1,1,3,10,99
59,8,1,1,2,3,9,14.47
59,6,1,1,2,3,10,15.71
59,8,2,1,1,3,9,99
59,8,2,1,3,3,9,99
59,8,2,1,1,3,11,99
59,8,1,1,2,3,7,20.12
59,6,2,1,3,3,8,99
59,6,1,1,2,3,11,99
59,6,1,1,2,3,9,99
59,6,1,1,1,3,11,20.02
59,6,2,1,3,3,4,99
59,6,2,1,3,3,8,99
59,6,1,1,1,3,4,99
59,6,1,1,3,3,8,14.63
59,7,1,1,2,3,9,99
59,7,2,1,2,3,10,99
59,7,1,1,2,3,6,16.46
59,7,2,1,2,3,9,24.24
59,7,1,1,2,3,12,99
59,7,1,1,2,3,11,99
59,7,2,1,1,3,9,16.26
59,7,1,1,2,3,9,23.62
59,7,1,1,1,3,7,99
59,7,1,1,1,3,9,99
59,7,2,1,99,3,8,99
59,7,1,1,1,3,8,16.31
59,7,2,1,1,3,9,16.13
59,7,2,1,1,3,10,99
59,7,1,1,3,3,11,99
59,7,1,1,1,3,10,99
59,8,1,1,2,3,11,19.27
59,7,2,1,2,3,12,99
59,7,2,1,1,3,7,99
59,8,1,1,1,3,11,19.49
59,8,2,1,3,3,9,99
59,8,2,1,2,3,6,15.81
59,8,1,1,1,3,11,99
59,7,1,1,2,3,7,99
59,7,1,1,2,3,7,99
59,6,2,1,2,3,7,18.97
59,7,1,1,4,3,8,99
59,7,2,1,2,3,10,16.73
59,6,1,1,3,3,11,12.55
59,7,2,1,3,3,10,99
59,6,2,1,3,3,11,99
59,6,2,1,2,3,2,15.23
59,7,2,1,99,3,4,99
59,7,2,1,99,3,8,99
59,7,2,1,3,3,9,99
59,7,2,1,5,3,8,99
59,6,2,1,2,3,8,99
59,7,1,1,2,3,9,12.4
59,7,2,1,2,3,7,23.91
59,7,2,1,3,3,10,24.35
59,7,2,1,2,3,10,18.78
35,6,1,1,2,3,10,99
35,6,2,1,1,3,9,99
35,6,1,1,1,3,10,99
35,6,1,1,2,3,5,19.53
35,6,1,1,1,3,9,19.48
35,6,2,1,2,3,9,99
35,6,1,1,2,3,11,99
35,6,1,1,3,3,11,14.77
35,6,1,1,2,3,11,99
35,6,1,1,2,3,12,99
35,6,2,1,1,3,10,16.83
35,6,1,1,1,3,10,99
12,6,1,1,1,3,12,21.27
12,6,2,1,1,3,99,99
12,6,2,1,2,3,11,99
35,6,2,1,2,3,9,99
35,6,2,1,2,3,11,16.84
35,6,1,1,2,3,12,99
35,6,2,1,3,3,9,99
35,6,2,1,4,3,8,99
35,6,1,1,1,3,12,99
35,6,1,1,2,3,9,99
10,6,1,1,1,3,10,99
10,6,2,1,2,3,6,24.24
10,6,1,1,1,3,9,99
10,6,1,1,2,3,11,16.06
10,6,1,1,5,1,0,99
10,6,1,1,2,3,6,17.53
12,8,1,1,99,3,8,17.59
12,8,1,1,1,3,9,18.19
59,8,1,1,2,3,7,99
59,8,1,1,1,3,12,17.42
59,8,2,1,3,3,11,99
59,6,1,1,1,3,12,16.47
59,6,2,1,1,3,12,99
59,8,1,1,3,3,9,99
59,8,2,1,3,3,11,18.56
59,8,2,1,2,3,12,99
59,8,1,1,99,3,0,99
59,8,2,1,3,3,7,99
59,8,1,1,1,3,10,24.89
59,8,1,1,1,3,12,18.14
59,8,1,1,1,3,11,99
59,8,2,1,1,3,2,99
59,8,2,1,2,3,9,19.49
59,8,2,1,3,3,7,99
59,8,1,1,1,3,12,99
59,8,1,1,2,3,11,99
59,7,1,1,2,3,6,99
59,6,2,1,2,3,11,99
59,6,2,1,2,3,9,17.31
59,7,2,1,2,3,11,18.56
59,8,1,1,2,3,8,19.74
47,7,1,1,1,3,11,99
47,8,1,1,2,3,7,19.97
47,8,1,1,2,3,9,20.8
47,7,1,1,1,3,12,16.1
47,8,2,1,3,3,6,99
47,8,1,1,1,3,10,99
47,7,2,1,2,3,7,99
47,7,2,1,1,3,10,44.08
47,7,1,1,2,3,10,35.09
47,7,2,1,1,3,9,99
47,8,1,1,3,3,6,99
47,7,1,1,99,3,4,99
47,7,2,1,1,3,11,99
47,7,2,1,1,3,11,99
47,8,1,1,3,3,9,99
47,8,1,1,2,3,10,99
47,6,2,1,1,1,0,99
47,8,2,1,1,3,8,17.53
47,7,1,1,1,3,8,99
47,7,2,1,2,3,5,99
47,8,2,1,1,3,8,99
47,7,1,1,1,3,12,21.21
47,7,1,1,2,3,5,36.29
47,7,2,1,2,3,6,99
47,7,2,1,2,3,7,18.42
47,8,2,1,1,3,10,17.57
47,8,1,1,1,3,11,17.58
47,7,1,1,1,3,12,17.54
47,7,2,1,1,3,8,99
47,8,1,1,1,3,5,15.66
47,7,2,1,1,3,12,20.22
47,8,1,1,1,3,7,16.63
47,8,2,1,2,3,11,99
47,8,1,1,2,3,11,19.14
47,8,1,1,1,3,9,99
47,7,1,1,1,3,11,18.83
47,7,2,1,3,3,10,25.24
47,8,1,1,1,3,8,99
47,8,2,1,2,3,10,99
59,7,2,1,3,3,6,99
59,7,1,1,1,3,10,16.93
59,7,2,1,2,3,9,99
59,7,2,1,2,3,9,99
59,7,1,1,1,3,11,16.31
59,7,1,1,2,3,9,99
59,7,2,1,3,3,8,21.54
59,7,1,1,1,3,7,17.75
59,7,1,1,1,3,9,17.19
59,7,1,1,1,3,8,99
59,7,1,1,1,3,6,99
59,7,1,1,2,3,10,99
59,7,2,1,2,3,8,19.92
59,7,2,1,2,3,11,19.49
59,7,1,1,3,3,3,20.92
59,7,2,1,2,3,8,19.22
59,7,2,1,1,3,11,99
59,7,1,1,2,3,6,99
59,7,2,1,2,3,10,20.02
59,7,2,1,2,3,9,18.55
59,7,2,1,3,3,11,19.27
35,8,2,1,1,3,8,21.03
35,7,2,1,1,3,10,15.49
35,7,1,1,2,3,9,99
35,7,2,1,2,3,9,99
35,7,1,1,1,3,9,18.88
35,7,2,1,2,3,9,16.73
35,7,2,1,2,3,8,18.83
35,7,2,1,2,3,12,15.45
35,7,1,1,1,3,10,99
35,7,1,1,1,3,11,25.03
35,7,2,1,2,3,9,16.16
35,7,1,1,2,3,12,99
35,7,2,1,2,3,12,19.38
35,7,1,1,2,3,9,99
35,7,2,1,2,3,8,99
35,8,2,1,1,3,11,20.48
35,8,2,1,1,3,8,99
35,8,2,1,2,3,11,16.65
35,8,2,1,2,3,9,21.63
35,8,2,1,2,3,11,99
35,8,1,1,1,3,9,22.14
35,8,2,1,2,3,9,20.55
35,7,2,1,1,3,12,18.3
35,8,2,1,2,3,10,16.99
35,7,1,1,1,3,11,99
35,8,2,1,1,3,9,19.58
35,7,1,1,3,3,12,99
35,7,2,1,2,3,11,99
35,7,1,1,2,3,12,15.82
35,7,1,1,2,3,9,99
35,7,1,1,2,3,8,99
35,8,2,1,1,3,9,20.09
35,8,2,1,1,3,9,99
35,8,2,1,2,3,8,19.96
35,8,1,1,2,3,11,20.43
35,8,1,1,2,3,9,19.38
35,8,1,1,2,3,7,17.03
35,8,2,1,1,3,11,99
35,8,1,1,2,3,9,23.41
35,8,1,1,2,3,10,17.16
35,8,2,1,2,3,7,17.43
35,8,1,1,2,3,8,99
35,8,2,1,1,3,11,19.84
35,8,2,1,2,3,6,99
35,8,2,1,2,3,9,99
59,8,1,1,2,3,8,99
59,8,2,1,3,3,11,99
59,8,2,1,1,3,9,99
59,8,2,1,2,3,11,14.03
59,8,1,1,2,3,6,99
59,8,1,1,1,3,6,99
59,8,2,1,3,3,8,99
59,8,1,1,2,3,8,99
59,8,1,1,99,3,99,99
59,8,2,1,99,3,9,99
59,8,1,1,2,3,12,18.35
59,8,2,1,3,3,11,99
59,8,2,1,2,3,8,99
59,8,1,1,3,3,3,99
59,8,1,1,3,3,9,99
59,8,2,1,1,3,10,14.64
59,8,1,1,2,3,9,99
59,8,1,1,3,3,6,14.59
59,8,2,1,3,3,9,99
59,8,2,1,2,3,12,99
59,8,1,1,1,3,9,20.08
59,8,1,1,1,3,12,17.51
59,8,1,1,1,3,10,18.14
59,8,2,1,3,3,3,99
59,8,2,1,2,3,8,17.19
59,8,2,1,99,1,10,18.83
59,8,1,1,1,3,10,99
59,8,1,1,1,3,11,18.55
59,8,1,1,2,3,4,18.33
59,8,2,1,2,3,7,21.86
59,7,1,1,2,3,8,99
59,7,1,1,2,3,12,99
59,7,1,1,2,3,12,17.74
59,8,2,1,1,3,10,19.85
59,8,2,1,2,3,8,99
59,8,1,1,2,3,10,99
59,8,2,1,3,3,11,99
59,8,1,1,2,3,10,99
59,8,1,1,1,3,10,99
59,8,2,1,1,3,12,19.57
59,8,1,1,1,3,11,99
59,8,2,1,2,3,6,99
59,8,1,1,1,3,9,23.27
59,8,1,1,1,3,9,26.15
59,8,1,1,1,3,10,20.35
59,8,2,1,1,3,10,24.74
59,8,2,1,1,3,12,99
59,8,1,1,1,3,10,99
59,8,2,1,2,3,9,23.21
59,8,2,1,2,3,2,23.05
59,8,1,1,2,3,10,20.74
59,8,2,1,2,3,9,28.08
59,8,2,1,3,3,9,17.4
59,8,2,1,1,3,11,16.46
59,8,1,1,1,3,7,18.71
59,8,2,1,1,3,10,25.97
59,8,2,1,3,3,6,99
59,8,1,1,1,3,6,22.67
59,8,2,1,1,3,11,99
59,8,2,1,2,3,11,17.49
59,8,2,1,1,3,9,99
59,8,2,1,1,3,6,23.61
59,8,2,1,1,3,8,24.45
59,8,2,1,99,3,12,18.4
59,8,1,1,1,3,11,21.79
59,8,2,1,2,3,7,17.58
59,8,1,1,1,3,10,38.28
59,8,2,1,2,3,6,20.18
59,8,1,1,1,3,8,13.08
59,8,2,1,2,3,11,23.53
59,8,2,1,2,3,6,22.22
59,8,1,1,1,3,10,16.01
59,8,1,1,2,3,10,99
59,8,2,1,2,3,9,23
59,8,1,1,1,3,7,18.26
59,8,2,1,3,3,5,29.16
59,8,1,1,2,3,12,18.07
59,8,1,1,2,3,11,99
59,8,1,1,2,3,11,99
59,8,1,1,2,3,9,99
59,8,1,1,1,3,12,15.94
59,8,1,1,2,3,6,17.85
59,7,1,1,2,3,11,99
59,8,2,1,2,3,11,22.15
59,8,2,1,1,3,9,22.99
59,8,2,1,1,3,11,18.46
59,8,1,1,4,3,9,99
59,8,2,1,2,3,9,99
59,8,2,1,1,3,10,99
59,8,1,1,1,3,9,19.13
59,8,2,1,1,3,12,18.48
59,7,1,1,2,3,8,99
59,7,1,1,1,3,12,99
59,7,1,1,2,3,12,99
59,7,1,1,2,3,11,99
59,7,1,1,2,3,7,99
59,7,1,1,2,3,11,99
59,7,1,1,3,3,11,99
59,7,2,1,3,3,11,99
59,7,2,1,2,3,10,99
59,7,2,1,3,3,11,17.43
59,8,1,1,3,3,10,99
59,8,1,1,2,3,10,99
59,8,1,1,2,3,7,99
59,8,1,1,2,3,7,99
59,8,2,1,1,3,11,99
59,8,2,1,3,3,9,19.37
59,8,1,1,3,3,11,20.12
59,8,1,1,2,3,8,99
59,8,1,1,3,3,8,99
59,8,1,1,1,3,7,99
59,8,2,1,2,3,10,17.23
59,8,2,1,2,3,9,19.2
59,8,2,1,2,3,7,23.18
59,8,2,1,2,3,8,99
59,8,2,1,2,3,12,99
59,8,2,1,2,3,10,99
59,8,2,1,3,3,6,99
59,8,2,1,3,3,12,99
59,8,1,1,2,3,7,17.1
59,8,1,1,3,3,7,18.66
59,8,2,1,2,3,6,17.16
59,8,2,1,1,3,10,99
59,8,2,1,2,3,11,21.72
59,8,1,1,2,3,9,99
59,8,1,1,1,3,8,16.46
59,8,1,1,2,3,8,10.79
59,8,1,1,2,3,7,17.16
59,8,1,1,1,3,9,99
59,8,1,1,1,3,9,99
59,8,1,1,2,3,3,16.02
59,8,1,1,3,3,5,20.78
59,8,2,1,3,3,9,19.84
59,8,1,1,2,3,6,99
59,8,1,1,2,3,12,99
59,8,1,1,2,3,8,99
59,8,2,1,3,3,6,17.36
59,8,2,1,2,3,11,99
59,8,1,1,1,3,11,18.94
59,8,1,1,5,3,10,21.54
59,8,2,1,1,3,12,16.8
59,8,2,1,99,3,12,99
59,8,2,1,1,3,10,99
59,8,2,1,1,3,11,16.13
59,8,2,1,1,3,9,17.99
59,8,2,1,1,3,7,99
59,8,1,1,5,3,2,99
59,8,1,1,2,3,6,99
59,8,2,1,3,3,7,99
59,8,2,1,2,3,10,99
59,7,1,1,2,3,10,99
59,7,2,1,2,3,9,18.89
59,7,2,1,2,3,11,99
59,7,2,1,2,3,10,99
35,8,2,1,3,3,9,24.68
35,8,1,1,2,3,11,17.19
35,8,1,1,2,3,7,27.56
59,7,1,1,1,3,12,99
59,8,1,1,2,3,11,16.46
59,8,1,1,2,3,12,99
59,8,2,1,2,3,7,19.43
59,8,1,1,1,3,12,19.49
35,6,2,1,1,3,11,16.64
35,7,1,1,2,3,12,19.49
35,8,1,1,2,3,8,20.16
35,7,1,1,1,3,11,15.41
35,8,2,1,2,3,9,17.57
35,7,2,1,2,3,10,99
35,8,1,1,2,3,7,16.83
35,7,1,1,2,3,11,19.53
35,8,1,1,1,3,9,20.78
12,6,2,1,99,1,12,99
12,6,2,1,1,1,2,99
12,7,1,1,2,3,8,99
12,6,2,1,2,1,12,99
12,7,1,1,2,3,9,99
59,8,1,1,1,3,12,99
59,7,1,1,99,3,9,14.82
59,8,1,1,1,3,5,27.46
59,8,2,1,3,3,7,99
59,8,2,1,2,3,10,17.67
59,8,2,1,2,3,9,22.45
59,8,2,1,2,3,5,99
59,8,2,1,3,3,7,99
59,8,1,1,1,3,10,23.81
59,8,1,1,2,3,9,19.19
59,8,1,1,2,3,10,99
59,8,2,1,3,3,12,99
59,8,2,1,1,3,12,99
59,8,2,1,3,3,9,99
59,8,1,1,2,3,6,99
59,8,1,1,1,3,11,99
59,8,2,1,2,3,10,21.79
59,8,1,1,1,3,3,16.6
59,8,1,1,2,3,11,21.63
59,8,2,1,3,3,9,99
59,8,2,1,2,3,8,99
59,8,2,1,2,3,10,99
59,8,2,1,2,3,7,99
59,8,1,1,3,3,11,21.21
59,8,1,1,1,3,10,20.6
59,8,1,1,1,3,10,18.55
59,8,2,1,2,3,8,99
59,8,1,1,2,3,4,99
59,8,1,1,3,3,99,99
35,7,1,1,2,3,10,21.97
35,8,2,1,1,3,11,17.89
35,8,1,1,1,3,11,99
35,8,2,1,1,3,9,19.49
35,8,1,1,1,3,11,17.95
35,8,1,1,2,3,7,99
35,7,1,1,1,3,10,15.55
35,8,1,1,2,3,6,19.37
12,8,1,1,2,1,9,22.46
35,8,1,1,5,3,4,23.62
35,8,2,1,3,3,7,24.71
35,8,2,1,2,3,7,99
35,8,1,1,3,3,6,99
35,8,1,1,1,3,11,99
35,8,2,1,2,3,9,99
35,8,2,1,1,3,12,15.94
35,8,1,1,2,3,8,99
35,8,2,1,1,3,7,20.9
35,7,1,1,2,3,8,99
35,7,1,1,2,3,10,99
35,8,1,1,2,3,8,21.95
35,8,1,1,2,3,11,99
35,8,2,1,3,3,6,99
24,8,2,1,2,3,10,25.25
24,8,2,1,1,3,7,16.99
24,8,1,1,2,3,10,18.55
24,8,2,1,1,3,8,21.09
24,6,2,1,5,1,0,20.56
35,6,1,1,1,3,9,18.88
24,8,1,1,3,3,8,99
24,7,2,1,2,3,11,99
24,7,1,1,2,3,11,99
24,7,2,1,2,3,11,99
24,7,2,1,3,3,7,22.91
12,8,1,1,1,3,8,99
12,8,1,1,2,3,12,18.17
12,8,2,1,2,3,9,20.37
12,7,1,1,1,3,11,99
35,8,2,1,2,3,8,15.81
35,8,2,1,1,3,9,21.57
35,8,2,1,1,3,8,16.99
35,8,1,1,1,3,9,99
35,8,2,1,2,3,12,16.99
35,8,1,1,1,3,11,99
35,8,2,1,1,3,10,99
35,8,1,1,1,3,6,99
35,8,1,1,2,3,11,99
35,8,2,1,2,3,9,99
35,7,2,1,99,3,7,99
35,7,2,1,99,3,9,20.25
35,7,2,1,2,3,11,16.51
35,8,1,1,2,3,9,99
35,7,1,1,1,3,8,18.36
35,7,2,1,2,3,10,16.72
35,8,2,1,99,3,6,99
35,8,2,1,2,3,8,99
35,8,1,1,2,3,10,16.62
35,8,1,1,2,3,9,99
35,8,2,1,2,3,11,99
35,8,2,1,2,3,6,99
35,8,1,1,1,3,11,99
35,7,2,1,1,3,10,16.72
35,7,1,1,1,3,10,18.3
35,7,2,1,2,3,7,17.16
35,7,2,1,2,3,11,18.9
35,7,1,1,1,3,11,99
35,7,2,1,2,3,8,99
35,7,2,1,1,3,11,19.73
35,7,1,1,1,3,8,99
35,8,2,1,2,3,9,99
35,8,1,1,2,3,5,99
35,7,2,1,2,3,11,17.47
35,7,1,1,1,3,6,99
35,8,2,1,2,3,11,99
35,8,2,1,2,3,10,19.74
35,7,1,1,2,3,10,99
35,8,1,1,1,3,12,17.95
35,7,1,1,2,3,12,99
35,8,2,1,2,3,9,99
35,8,1,1,2,3,9,99
35,8,1,1,3,3,7,99
35,8,1,1,2,3,10,99
35,8,1,1,1,3,8,15.84
35,8,1,1,1,3,11,19.37
35,8,1,1,1,3,11,19.72
35,8,2,1,2,3,9,17.66
35,8,2,1,2,3,9,15.43
35,8,1,1,1,3,12,18.55
35,8,1,1,2,3,8,16.62
35,8,1,1,3,3,10,16.06
35,8,1,1,2,3,12,99
35,7,2,1,2,3,12,99
35,8,1,1,1,3,10,99
35,8,1,1,1,3,10,19.18
35,8,2,1,1,3,11,18.64
35,8,2,1,3,3,11,24.98
35,8,1,1,2,3,6,17.57
35,7,1,1,1,3,11,99
35,7,2,1,2,3,11,16.16
35,7,2,1,99,3,9,99
35,7,2,1,3,3,5,99
35,7,2,1,2,3,12,99
35,7,2,1,2,3,6,99
35,7,2,1,1,3,11,99
35,7,2,1,1,3,11,13.12
35,7,2,1,2,3,12,99
35,7,1,1,2,3,9,99
35,7,1,1,2,3,7,18.59
35,7,2,1,2,3,10,18.58
35,7,1,1,2,3,11,99
35,8,2,1,2,3,10,16.69
35,8,1,1,2,3,9,15.12
35,8,1,1,1,3,9,18.59
35,8,1,1,2,3,10,17.01
35,8,1,1,4,3,10,15.4
35,8,1,1,3,3,8,19.63
35,8,1,1,2,3,11,99
35,8,1,1,4,3,5,99
35,8,2,1,4,3,6,99
35,8,2,1,3,3,7,18.52
35,8,1,1,3,3,7,20.35
35,8,2,1,2,3,11,99
35,8,2,1,3,3,12,99
35,8,2,1,3,3,6,99
35,8,1,1,1,3,10,99
35,8,1,1,1,3,6,32.43
35,8,2,1,2,3,10,22.46
35,8,1,1,2,3,8,99
35,8,2,1,2,3,12,20.49
35,7,2,1,3,3,9,99
35,8,2,1,2,3,12,99
35,8,1,1,2,3,12,10.33
35,8,1,1,3,3,8,99
35,8,1,1,1,3,11,99
35,8,1,1,2,3,6,22.49
35,8,1,1,4,3,6,18.55
35,8,1,1,2,3,7,18.22
35,8,1,1,2,3,11,99
35,8,1,1,2,3,11,99
35,8,1,1,1,3,9,22.81
35,8,1,1,1,3,8,18.55
35,8,2,1,1,3,12,16.64
35,8,1,1,3,3,9,99
35,6,1,1,2,3,11,99
35,7,2,1,99,3,6,99
35,7,1,1,2,3,5,22.48
35,7,2,1,4,3,7,99
35,7,1,1,3,3,11,99
35,8,2,1,3,3,7,14.27
35,7,1,1,1,3,10,99
35,7,1,1,3,3,10,99
35,7,1,1,1,3,11,99
35,7,1,1,2,3,10,18.84
35,7,2,1,1,3,8,15.59
35,7,1,1,1,3,9,17.26
35,7,1,1,2,3,10,99
35,7,1,1,2,3,11,14.17
35,7,2,1,2,3,11,16.81
35,7,2,1,2,3,7,21.26
35,7,1,1,1,3,11,99
35,7,1,1,2,3,12,99
35,7,1,1,2,3,7,99
35,7,1,1,1,3,7,16.31
35,7,2,1,2,3,6,99
35,7,2,1,2,3,12,99
35,7,2,1,3,3,8,99
35,7,2,1,2,3,7,99
35,7,1,1,3,3,4,99
35,7,1,1,2,3,9,99
35,7,2,1,3,3,10,99
35,7,2,1,3,3,10,99
35,7,1,1,2,3,7,17.94
35,7,2,1,2,3,7,99
35,7,1,1,2,3,10,22.08
35,7,1,1,1,3,6,99
35,7,1,1,1,3,7,99
35,7,1,1,2,3,12,14.98
35,8,1,1,1,3,8,22.14
35,8,1,1,1,3,10,99
35,8,1,1,2,3,7,26.63
35,7,2,1,2,3,9,99
35,7,1,1,1,3,9,17.28
35,7,2,1,3,3,10,99
35,7,1,1,2,3,9,99
35,7,1,1,2,3,10,99
35,7,2,1,3,3,6,99
35,7,1,1,2,3,9,19.14
35,7,1,1,2,3,9,99
35,7,2,1,2,3,11,99
35,7,1,1,1,3,10,20.6
35,7,2,1,3,3,6,99
35,7,2,1,2,3,7,16.59
35,8,2,1,2,3,10,17.75
35,7,1,1,2,3,9,99
35,7,2,1,2,3,7,99
35,7,1,1,3,3,3,25.75
12,8,2,1,1,1,9,22.46
12,6,2,1,1,3,10,14.47
12,8,2,1,1,3,12,17.92
35,7,1,1,1,3,9,13.67
35,7,1,1,1,3,9,99
35,7,2,1,3,3,7,99
35,7,2,1,2,3,10,99
35,7,1,1,2,3,10,99
35,7,1,1,2,3,11,99
35,7,1,1,1,3,11,99
35,8,1,1,3,3,8,99
35,7,2,1,2,3,9,22.27
35,8,1,1,3,3,8,18.56
35,7,1,1,2,3,11,99
35,7,1,1,1,3,8,99
35,8,2,1,1,3,10,99
35,8,2,1,1,3,9,24.14
35,8,1,1,2,3,9,99
35,8,1,1,2,3,10,16.64
35,8,2,1,3,3,10,99
35,8,2,1,1,3,11,15.66
35,8,2,1,2,3,8,99
35,8,1,1,1,3,9,16.56
35,8,1,1,2,3,9,99
35,8,1,1,2,3,10,99
35,8,1,1,2,3,8,99
35,8,2,1,2,3,10,99
35,7,2,1,2,3,11,99
35,7,1,1,1,3,10,99
35,7,1,1,1,3,10,99
35,8,2,1,2,3,11,99
35,8,2,1,2,3,10,17.2
35,8,2,1,5,3,8,99
35,8,1,1,1,3,10,22.6
35,8,1,1,3,3,11,99
35,8,2,1,2,3,10,16.48
35,8,1,1,2,3,8,99
35,7,2,1,2,3,9,99
35,7,2,1,2,3,12,99
35,7,2,1,1,3,10,99
35,7,1,1,3,3,11,99
35,7,1,1,3,3,7,21.71
35,7,2,1,1,3,1,99
35,7,2,1,4,3,9,19.61
35,7,2,1,2,3,11,99
35,7,1,1,2,3,10,18.08
35,7,1,1,2,3,7,19.74
35,7,2,1,1,3,12,99
35,7,2,1,2,3,9,99
35,7,2,1,1,3,9,99
35,7,2,1,2,3,6,99
35,7,2,1,1,3,10,99
35,7,1,1,2,3,11,99
35,7,1,1,2,3,9,99
35,8,2,1,3,3,10,99
10,8,2,1,3,1,9,16.27
10,8,1,1,5,1,0,99
10,8,1,1,5,3,2,32.42
10,8,1,1,1,3,10,99
10,8,2,1,2,3,10,18.84
35,8,2,1,2,3,7,99
10,8,2,1,1,3,12,99
10,7,2,1,1,3,12,99
10,8,2,1,2,3,11,99
10,8,2,1,2,3,12,20.5
10,8,2,1,2,3,7,99
10,7,2,1,2,3,9,21.63
10,7,1,1,1,3,10,17.97
10,7,1,1,2,3,9,99
10,7,2,1,1,3,11,99
35,8,1,1,3,3,5,19.2
35,7,1,1,2,3,9,99
35,7,2,1,1,3,12,99
35,7,2,1,3,3,9,15.96
35,7,1,1,1,3,10,99
10,8,2,1,2,1,12,20.92
10,8,1,1,4,3,6,99
10,7,2,1,1,3,11,20.31
10,7,1,1,1,3,9,17.79
10,7,1,1,1,3,11,16.65
10,7,1,1,2,3,3,18.14
10,7,2,1,2,3,6,99
10,7,2,1,1,3,11,15.81
10,7,1,1,4,3,12,16.4
10,7,2,1,1,3,4,99
10,7,2,1,1,3,6,99
35,8,1,1,1,3,12,99
10,7,1,1,1,3,7,16.3
10,8,2,1,5,1,3,99
10,8,2,1,3,1,99,17.72
10,8,2,1,1,3,6,19.58
10,8,2,1,1,3,6,99
35,8,1,1,1,3,10,99
10,8,2,1,1,3,6,99
11,8,1,1,1,3,7,99
11,8,2,1,5,3,12,31.35
11,7,1,1,1,3,12,15.56
11,7,2,1,1,3,6,42.44
11,8,2,1,99,3,12,23.38
10,8,1,1,5,3,8,99
10,8,1,1,1,3,7,23.03
10,8,1,1,1,1,12,18.79
10,8,1,1,2,3,7,99
11,7,1,1,1,3,8,15.64
11,7,1,1,1,3,12,99
11,7,1,1,3,3,10,99
11,7,2,1,99,3,4,99
11,7,1,1,3,3,8,99
11,8,1,1,2,3,9,99
11,8,1,1,5,3,6,99
11,8,2,1,2,3,10,16.06
11,8,2,1,5,1,0,99
11,7,2,1,2,3,12,18.55
24,7,2,1,3,3,11,19.37
24,7,2,1,2,3,12,15.94
24,8,1,1,2,3,5,20.6
24,8,2,1,2,3,9,19.01
24,8,1,1,1,3,8,22.66
24,7,1,1,3,3,9,20.8
24,7,2,1,2,3,12,99
24,7,2,1,1,3,10,16.82
24,8,2,1,1,3,4,18.61
24,7,2,1,1,3,9,99
11,8,2,1,2,1,7,11.75
11,8,1,1,1,3,10,21.77
11,8,2,1,2,3,6,99
46,8,2,1,2,3,4,99
46,8,2,1,1,3,12,99
46,8,2,1,2,3,10,17.23
46,8,2,1,1,3,6,99
46,8,2,1,2,3,6,99
46,8,2,1,2,3,6,26.58
46,8,2,1,1,3,6,99
46,7,2,1,99,3,7,99
46,8,2,1,2,3,7,99
46,7,2,1,2,3,4,18.8
46,7,2,1,1,3,7,99
46,7,1,1,3,3,8,22.5
46,7,1,1,2,3,9,99
46,7,2,1,2,3,11,99
46,7,1,1,1,3,8,18.29
46,7,2,1,2,3,11,99
46,7,2,1,2,3,8,99
46,7,1,1,2,3,9,99
46,7,1,1,2,3,12,99
46,7,1,1,1,3,12,99
46,8,1,1,1,3,11,17.48
46,8,1,1,4,3,2,32.92
46,7,2,1,2,3,10,22.14
46,8,1,1,2,3,9,99
46,8,2,1,1,3,8,99
46,8,2,1,99,3,12,99
46,8,1,1,2,3,9,22.42
46,8,2,1,2,3,10,99
46,8,1,1,3,3,3,27.46
46,8,2,1,1,3,8,99
46,8,2,1,1,3,11,99
46,8,2,1,1,3,12,99
46,8,1,1,3,3,9,17.16
46,8,2,1,99,3,9,99
46,8,1,1,2,3,11,99
46,7,1,1,2,3,11,24.96
46,7,1,1,2,3,11,99
46,7,1,1,2,3,8,99
46,7,1,1,2,3,7,99
46,8,1,1,1,3,11,21.48
46,8,2,1,2,3,11,99
46,8,1,1,2,3,12,18.29
46,7,1,1,2,3,99,99
46,8,2,1,5,3,8,99
46,8,2,1,1,3,5,21.68
46,8,2,1,1,3,11,99
46,8,2,1,1,3,10,15.25
46,8,1,1,1,3,6,99
46,8,1,1,3,3,6,99
46,8,2,1,2,3,11,99
46,8,1,1,1,3,7,15.06
46,8,2,1,2,3,12,15.06
46,8,1,1,1,3,9,99
46,8,2,1,2,3,11,19.94
46,8,2,1,2,3,8,17.36
46,8,1,1,2,3,9,18.44
46,8,2,1,1,3,12,99
46,8,2,1,2,3,11,99
46,8,1,1,1,3,9,15.43
46,7,2,1,2,3,4,99
46,7,2,1,2,3,7,99
46,7,2,1,1,3,8,99
46,8,2,1,1,3,8,19.7
46,8,2,1,1,3,7,17.26
46,8,2,1,1,3,10,21.48
46,8,2,1,3,3,9,22.92
46,8,1,1,2,3,7,19.1
46,7,2,1,2,3,11,99
46,7,1,1,2,3,5,99
46,7,2,1,3,3,7,99
46,8,2,1,2,3,5,99
46,7,2,1,2,3,8,99
46,7,1,1,1,3,9,99
46,7,1,1,1,3,9,15.91
46,7,1,1,1,3,8,99
46,7,2,1,1,3,9,18.64
46,7,2,1,1,3,9,19.14
46,7,1,1,2,3,11,99
46,7,1,1,1,3,8,99
46,7,1,1,2,3,9,99
46,7,2,1,1,3,9,99
46,7,2,1,1,3,11,16.99
46,7,1,1,1,3,10,99
46,7,2,1,2,3,11,17.19
46,8,1,1,1,3,9,18.18
35,8,1,1,2,3,5,19.66
35,8,1,1,2,3,11,18.82
35,8,1,1,2,3,9,21.73
35,8,2,1,3,3,10,19.2
35,8,2,1,1,3,12,19.2
46,7,1,1,2,3,9,15.94
46,7,2,1,3,3,9,99
46,7,2,1,1,3,11,99
46,7,2,1,1,3,12,17.71
46,7,2,1,2,3,8,99
46,7,1,1,99,3,9,99
35,8,2,1,2,3,9,19.3
35,8,2,1,2,3,9,99
35,8,2,1,3,3,7,99
35,8,1,1,2,3,9,20.18
35,8,1,1,1,3,10,20.24
46,8,1,1,2,3,9,25.39
46,8,1,1,5,3,6,99
46,8,2,1,2,3,11,17.16
46,7,2,1,1,3,12,99
46,7,1,1,2,3,5,99
46,8,2,1,1,3,12,15.34
35,8,2,1,2,3,10,99
35,8,2,1,1,3,10,19.49
35,7,2,1,2,3,6,99
35,7,2,1,3,3,12,99
35,8,1,1,2,3,9,16.14
35,7,1,1,3,3,9,18.88
35,8,1,1,1,3,9,17.72
35,7,1,1,1,3,9,17.15
35,7,2,1,3,3,8,99
35,7,2,1,2,3,7,19.75
35,7,1,1,3,3,2,17.85
35,7,1,1,2,3,8,20.37
35,7,2,1,2,3,6,99
35,7,2,1,2,3,6,99
46,7,1,1,3,3,12,99
48,7,1,1,2,3,10,99
48,7,1,1,1,3,6,99
48,8,2,1,1,3,6,22.31
48,7,1,1,2,3,8,99
48,7,1,1,1,3,7,99
48,8,2,1,2,3,8,99
48,8,2,1,2,3,12,17.47
48,7,2,1,3,3,10,99
48,8,1,1,1,3,11,24.22
48,8,1,1,1,3,8,23.03
48,7,2,1,1,3,11,20.6
35,8,1,1,2,3,6,99
35,8,1,1,2,3,5,99
35,7,1,1,1,3,12,19.08
35,8,1,1,2,3,6,21.16
35,7,1,1,2,3,9,99
35,7,2,1,1,3,1,24.4
35,7,1,1,2,3,4,99
35,7,1,1,3,3,12,17.94
35,7,2,1,1,3,10,99
35,7,2,1,2,3,9,99
35,7,2,1,1,3,5,21.67
35,7,2,1,3,3,7,99
48,7,1,1,1,3,10,24.8
48,7,2,1,2,3,12,99
35,7,1,1,2,3,12,99
35,8,1,1,2,3,11,99
35,7,2,1,2,3,12,99
35,7,2,1,1,3,12,17.47
35,7,1,1,1,3,8,19.38
35,7,1,1,2,3,8,19.3
35,7,1,1,2,3,10,20.83
35,7,1,1,2,3,6,20.31
35,8,1,1,1,3,9,17.38
35,7,1,1,2,3,10,17.06
35,7,1,1,1,3,9,15.81
35,7,2,1,2,3,9,99
35,8,2,1,1,3,11,20.37
35,7,1,1,2,3,9,99
35,8,2,1,1,3,9,19.7
35,8,2,1,2,3,9,41.62
35,7,1,1,2,3,12,15.45
35,7,2,1,2,3,6,17.71
35,8,2,1,1,3,7,21.76
35,7,1,1,1,3,9,99
35,7,1,1,2,3,10,15.66
35,7,2,1,2,3,6,18.4
35,8,1,1,1,3,8,99
35,7,1,1,2,3,9,17.44
48,7,1,1,1,3,8,99
48,7,2,1,1,3,10,18.01
48,7,1,1,4,3,9,99
48,7,2,1,1,3,9,99
48,8,1,1,2,3,10,24.2
48,8,2,1,2,3,11,99
48,7,1,1,3,3,11,19.92
48,8,1,1,2,3,10,99
48,8,1,1,2,3,3,99
35,8,1,1,2,3,6,99
48,8,1,1,2,3,11,99
48,7,1,1,3,3,9,99
48,7,2,1,2,3,6,99
48,7,1,1,1,3,11,99
35,7,1,1,2,3,4,99
48,8,2,1,1,3,11,99
35,8,1,1,4,3,6,99
48,8,1,1,2,3,9,99
48,8,2,1,1,3,10,16.77
47,7,2,1,1,3,11,99
47,8,2,1,3,3,12,12.98
47,7,2,1,1,3,11,22.67
47,7,2,1,2,3,11,99
47,8,1,1,1,3,10,22.14
47,8,1,1,3,3,9,24.56
47,7,1,1,1,3,11,18.88
47,8,2,1,1,3,8,17.47
47,8,1,1,1,3,7,99
47,8,2,1,1,3,12,19.77
47,7,1,1,2,3,7,99
47,7,1,1,2,3,10,16.66
47,7,2,1,1,3,11,99
47,8,1,1,2,3,9,19.84
47,7,1,1,1,3,9,99
47,7,2,1,2,3,6,18.58
47,8,1,1,2,3,10,26.78
47,7,2,1,2,3,7,18.11
47,7,2,1,2,3,6,99
47,7,1,1,2,3,10,99
47,7,2,1,2,3,5,15.18
47,6,2,1,2,3,11,99
47,8,2,1,1,3,12,99
47,8,2,1,2,3,10,99
47,7,2,1,2,3,6,21.63
47,7,2,1,2,3,12,99
47,7,2,1,2,3,12,99
47,7,2,1,1,3,10,99
47,7,2,1,3,3,11,99
47,8,2,1,1,3,11,20.37
47,8,1,1,1,3,6,18.07
47,7,1,1,1,3,9,17.92
47,7,2,1,2,3,11,20.78
47,8,2,1,2,3,9,20.05
35,7,1,1,3,3,8,99
35,7,2,1,3,3,9,99
35,7,1,1,1,3,10,99
35,7,2,1,3,3,9,18.29
35,7,1,1,2,3,11,99
35,7,1,1,1,3,12,99
35,7,1,1,2,3,6,99
35,7,1,1,2,3,99,99
35,7,1,1,2,3,10,99
35,7,2,1,2,3,10,99
35,7,1,1,2,3,5,99
10,8,2,1,2,3,8,99
35,7,1,1,1,3,11,15.94
35,7,1,1,1,3,11,99
35,7,1,1,3,3,9,15.94
35,7,2,1,2,3,9,99
35,7,1,1,2,3,0,20.12
35,7,1,1,2,3,11,99
35,7,1,1,1,3,9,14
35,7,2,1,2,3,10,99
35,8,1,1,2,3,4,23.23
35,8,1,1,2,3,5,99
35,8,2,1,2,3,9,25.61
35,7,2,1,2,3,12,99
35,6,1,1,2,3,9,99
35,6,2,1,1,3,8,20.77
35,6,1,1,2,3,10,99
35,6,1,1,1,3,12,99
35,7,1,1,2,3,11,99
35,8,1,1,2,3,7,18.84
35,8,1,1,2,3,7,99
35,8,1,1,2,3,10,17.18
35,8,1,1,2,3,8,20.56
35,8,2,1,3,3,8,18.65
35,8,1,1,2,3,2,99
35,8,2,1,1,3,8,99
35,8,1,1,2,3,6,18.84
35,8,2,1,2,3,9,18.64
35,8,2,1,1,3,12,99
35,8,2,1,3,3,4,27.67
35,8,2,1,2,3,8,18.79
35,8,2,1,2,3,6,99
35,8,1,1,2,3,9,20.78
35,8,1,1,1,3,9,99
35,8,2,1,3,3,8,18.79
35,8,1,1,3,3,4,99
59,7,2,1,3,3,10,19.57
59,7,2,1,2,3,12,17.57
59,8,1,1,3,3,7,99
59,8,1,1,1,3,7,13.84
59,7,2,1,2,3,6,99
59,8,1,1,99,3,4,19.37
59,7,2,1,2,3,12,99
59,8,1,1,1,3,6,17.14
59,8,1,1,3,3,9,18.89
59,8,2,1,2,3,12,99
35,8,2,1,4,3,6,99
35,8,2,1,1,3,11,99
35,8,1,1,1,3,12,15.94
35,8,2,1,2,3,10,27.28
35,8,1,1,1,3,9,21.42
35,8,2,1,1,3,8,19.2
35,8,2,1,3,3,6,19.63
35,8,1,1,1,3,9,99
59,8,1,1,1,3,10,99
35,8,1,1,1,3,11,17.54
46,7,1,1,1,3,12,99
46,7,2,1,2,3,4,28.25
46,7,1,1,1,3,7,99
46,7,1,1,1,3,5,99
46,7,1,1,1,3,11,99
46,7,2,1,1,3,10,99
46,7,1,1,1,3,6,99
46,7,1,1,1,3,11,23.17
46,7,1,1,1,3,10,99
46,7,2,1,1,3,9,99
46,7,2,1,1,3,4,16.1
46,7,1,1,1,3,11,99
46,7,1,1,1,3,7,23.91
46,7,1,1,1,3,8,21.11
46,8,2,1,2,3,12,99
46,7,2,1,1,3,3,99
35,7,1,1,1,3,12,20.48
59,7,1,1,2,3,11,99
59,7,1,1,2,3,6,99
59,7,1,1,2,3,5,99
35,8,1,1,2,3,9,19.92
35,7,2,1,2,3,6,99
35,8,1,1,1,3,8,99
35,8,1,1,2,3,5,99
59,6,2,1,5,3,0,99
59,8,1,1,2,3,11,99
59,7,1,1,1,3,9,17.74
59,7,2,1,2,3,11,19.14
12,8,1,1,1,3,7,20.65
12,8,2,1,2,3,12,99
12,7,2,1,1,3,12,19.77
12,8,2,1,99,3,9,17.72
12,8,2,1,5,1,0,34.95
35,8,2,1,2,3,10,99
35,7,1,1,3,3,8,99
35,7,2,1,2,3,5,18.94
35,7,1,1,1,3,11,16.95
35,7,2,1,3,3,8,99
35,7,1,1,3,3,8,99
35,7,1,1,2,3,8,99
35,8,1,1,1,3,9,16.14
35,7,2,1,1,3,9,99
59,8,1,1,2,3,9,21.48
59,8,2,1,5,3,2,17.11
59,8,1,1,1,3,12,19.53
59,7,2,1,3,3,10,11.72
35,7,2,1,2,3,10,99
59,7,2,1,2,3,12,18.73
46,8,1,1,1,3,11,99
46,8,1,1,3,3,10,99
46,7,2,1,2,3,10,99
46,7,1,1,2,3,10,44.91
46,7,1,1,2,3,4,99
46,7,2,1,4,3,7,99
46,7,2,1,1,3,10,99
46,8,1,1,3,3,5,99
46,7,1,1,2,3,0,99
46,7,2,1,1,3,1,99
46,7,2,1,2,3,7,99
46,7,2,1,1,3,8,25.69
46,7,1,1,1,3,10,99
46,7,1,1,1,3,11,99
46,8,2,1,2,3,8,99
46,8,1,1,2,3,5,15.12
46,8,1,1,1,3,8,99
46,8,1,1,2,3,10,99
46,8,1,1,1,3,10,99
46,8,2,1,2,3,6,26.73
46,8,2,1,1,3,6,99
46,8,2,1,2,3,10,99
46,8,2,1,1,3,4,99
46,8,2,1,2,3,11,99
46,8,2,1,1,3,8,99
46,8,2,1,1,3,6,99
46,8,1,1,4,3,9,99
46,8,2,1,1,3,11,99
46,8,2,1,1,3,12,99
46,8,1,1,3,3,8,99
46,8,1,1,1,3,11,20.78
46,8,2,1,1,3,11,16.92
46,8,1,1,3,3,10,18.66
46,8,2,1,3,3,6,25.82
46,8,2,1,1,3,6,99
46,8,1,1,1,3,12,17.51
46,7,2,1,3,3,12,23.56
46,7,2,1,3,3,9,25.09
46,7,1,1,2,3,10,99
46,7,1,1,2,3,12,99
46,7,2,1,2,3,9,99
35,7,1,1,1,3,11,99
59,8,2,1,4,3,8,16.38
59,8,1,1,2,3,6,99
